{
  "model": {
    "type": "minecraft:range_dispatch",
    "entries": [
      {
        "model": {
          "type": "minecraft:model",
          "model": "minecraft:item/recovery_compass_16"
        },
        "threshold": 0.0
      },
      {
        "model": {
          "type": "minecraft:model",
          "model": "minecraft:item/recovery_compass_18"
        },
        "threshold": 1.5
      },
      {
        "model": {
          "type": "minecraft:model",
          "model": "minecraft:item/recovery_compass_20"
        },
        "threshold": 3.5
      },
      {
        "model": {
          "type": "minecraft:model",
          "model": "minecraft:item/recovery_compass_22"
        },
        "threshold": 5.5
      },
      {
        "model": {
          "type": "minecraft:model",
          "model": "minecraft:item/recovery_compass_24"
        },
        "threshold": 7.5
      },
      {
        "model": {
          "type": "minecraft:model",
          "model": "minecraft:item/recovery_compass_26"
        },
        "threshold": 9.5
      },
      {
        "model": {
          "type": "minecraft:model",
          "model": "minecraft:item/recovery_compass_28"
        },
        "threshold": 11.5
      },
      {
        "model": {
          "type": "minecraft:model",
          "model": "minecraft:item/recovery_compass_30"
        },
        "threshold": 13.5
      },
      {
        "model": {
          "type": "minecraft:model",
          "model": "minecraft:item/recovery_compass_00"
        },
        "threshold": 15.5
      },
      {
        "model": {
          "type": "minecraft:model",
          "model": "minecraft:item/recovery_compass_02"
        },
        "threshold": 17.5
      },
      {
        "model": {
          "type": "minecraft:model",
          "model": "minecraft:item/recovery_compass_04"
        },
        "threshold": 19.5
      },
      {
        "model": {
          "type": "minecraft:model",
          "model": "minecraft:item/recovery_compass_06"
        },
        "threshold": 21.5
      },
      {
        "model": {
          "type": "minecraft:model",
          "model": "minecraft:item/recovery_compass_08"
        },
        "threshold": 23.5
      },
      {
        "model": {
          "type": "minecraft:model",
          "model": "minecraft:item/recovery_compass_10"
        },
        "threshold": 25.5
      },
      {
        "model": {
          "type": "minecraft:model",
          "model": "minecraft:item/recovery_compass_12"
        },
        "threshold": 27.5
      },
      {
        "model": {
          "type": "minecraft:model",
          "model": "minecraft:item/recovery_compass_14"
        },
        "threshold": 29.5
      },
      {
        "model": {
          "type": "minecraft:model",
          "model": "minecraft:item/recovery_compass_16"
        },
        "threshold": 31.5
      }
    ],
    "property": "minecraft:compass",
    "scale": 32.0,
    "target": "recovery"
  }
}