{
    "multipart": [
        {   "when": { "facing": "north" },
            "apply": [
                { "model": "block/dead_horn_coral_wall_fan" },
                { "model": "block/dead_horn_coral_wall_fan2" },
                { "model": "block/dead_horn_coral_wall_fan3" }
            ]
        },
        {   "when": { "facing": "east" },
            "apply": [
                { "model": "block/dead_horn_coral_wall_fan", "y": 90 },
                { "model": "block/dead_horn_coral_wall_fan2", "y": 90 },
                { "model": "block/dead_horn_coral_wall_fan3", "y": 90 }
            ]
        },
        {   "when": { "facing": "south" },
            "apply": [
                { "model": "block/dead_horn_coral_wall_fan", "y": 180 },
                { "model": "block/dead_horn_coral_wall_fan2", "y": 180 },
                { "model": "block/dead_horn_coral_wall_fan3", "y": 180 }
            ]
        },
        {   "when": { "facing": "west" },
            "apply": [
                { "model": "block/dead_horn_coral_wall_fan", "y": 270 },
                { "model": "block/dead_horn_coral_wall_fan2", "y": 270 },
                { "model": "block/dead_horn_coral_wall_fan3", "y": 270 }
            ]
        }
    ]
}
